LearningRate,Accuracy,Recall_Drowsy,Recall_Natural,F1
0.001,0.98,0.9619921363040629,0.9986431478968792,0.9799999644443812
0.0005,0.9926666666666667,0.9921363040629095,0.9932157394843962,0.9926646290636287
0.0001,0.9786666666666667,0.9724770642201835,0.9850746268656716,0.9786642391312078
