LearningRate,Accuracy,Recall_Drowsy,Recall_Natural,F1
0.001,0.9713333333333334,0.9528178243774574,0.9905020352781547,0.971333218666208
0.0005,0.9606666666666667,0.9292267365661862,0.9932157394843962,0.9606574167882138
0.0001,0.9186666666666666,0.8479685452162516,0.9918588873812755,0.9184108029447013
