Optimizer,Accuracy,Recall_Drowsy,Recall_Natural,F1_Drowsy,F1_Natural,Macro_F1
Adam,0.9353333333333333,0.8872870249017037,0.9850746268656716,0.9331495520330806,0.9373789541639768,0.9352642530985287
SGD,0.9713333333333334,0.9528178243774574,0.9905020352781547,0.9712758851035405,0.9713905522288756,0.971333218666208
