LearningRate,Accuracy,Recall_Drowsy,Recall_Natural,F1
0.001,0.9633333333333334,0.9410222804718218,0.9864314789687924,0.9633320132858116
0.0005,0.9833333333333333,0.9685452162516383,0.9986431478968792,0.9833332666664
0.0001,0.976,0.9672346002621232,0.9850746268656716,0.9759984639016897
