Model,Accuracy,Macro_F1,AUC
CNN,0.9353333333333333,0.9352642530985287,0.9945245771618495
ResNet,0.9853333333333333,0.9853312210291616,0.9990486030469599
