Optimizer,Accuracy,Recall_Drowsy,Recall_Natural,F1_Drowsy,F1_Natural,Macro_F1
Adam,0.986,0.9855832241153342,0.9864314789687924,0.9862295081967213,0.9857627118644068,0.9859961100305641
SGD,0.974,0.9580602883355177,0.9905020352781547,0.9740173217854764,0.9739826551034023,0.9739999884444394
